Region,Channel,Channel Market,Genre,Channel Language,Brand,Viewing Minutes,Impact,Cost,Spots,Durations,OTS,Sync_Reach,Impressions,GRP
AP,abn andhra jyothi,AP,Telugu News,telugu,godrej expert rich creme hair colour,905388.95,45.1187,46440,180,3600,3.04,8.19,2689.68,28.41
AP,etv andhra pradesh,AP,Telugu News,telugu,godrej expert rich creme hair colour,269067.62,0.9662,7752,19,380,1.54,1.91,66.23,0.7
AP,etv telugu,AP,Telugu GEC,telugu,godrej expert rich creme hair colour,7554666.65,80.4831,312700,59,1180,2.87,21.855,6809.06,71.93
AP,gemini comedy,AP,Telugu Comedy,telugu,godrej expert rich creme hair colour,1287106.24,28.5076,42586,107,2140,1.97,6.28,1516.37,16.02
AP,gemini life,AP,Telugu Movies,telugu,godrej expert rich creme hair colour,1819975.81,12.6144,18980,73,1460,1.77,5.735,1239.34,13.09
AP,gemini movies,AP,Telugu Movies,telugu,godrej expert rich creme hair colour,5567801.11,79.1927,91140,70,1400,2.39,16.55,4587.76,48.47
AP,gemini movies hd,AP,Telugu Movies HD,telugu,godrej expert rich creme hair colour,553828.38,29.3807,26568,246,4920,3.63,4.75,1479.14,15.63
AP,gemini music,AP,Telugu Music,telugu,godrej expert rich creme hair colour,1033255.8,121.7975,236736,432,8640,3.23,19.605,6660.86,70.37
AP,gemini tv,AP,Telugu GEC,telugu,godrej expert rich creme hair colour,6010088.35,115.2993,607824,168,3360,3.27,28.51,10350.29,109.34
AP,gemini tv hd,AP,Telugu GEC HD,telugu,godrej expert rich creme hair colour,581770.19,16.8165,57280,179,3580,4.07,3.65,1315.76,13.9
AP,ntv telugu,AP,Telugu News,telugu,godrej expert rich creme hair colour,1346596.41,3.8609,4860,6,120,1.14,2.155,205.36,2.17
AP,star maa,AP,Telugu GEC,telugu,godrej expert rich creme hair colour,24387048.38,126.0151,685768,46,920,3.28,32.06,11597.47,122.52
AP,star maa gold,AP,Telugu Movies,telugu,godrej expert rich creme hair colour,3050841.33,40.6738,55440,168,3360,2.26,14.145,3919.31,41.4
AP,star maa hd,AP,Telugu GEC HD,telugu,godrej expert rich creme hair colour,2339717.8,18.6452,75720,60,1200,6.84,3.705,2145.14,22.66
AP,star maa movies,AP,Telugu Movies,telugu,godrej expert rich creme hair colour,7089393.73,224.3365,246420,185,3700,4.01,30.1,13282.41,140.32
AP,star maa music,AP,Telugu Music,telugu,godrej expert rich creme hair colour,3205686.57,95.0176,44528,121,2420,2.89,14.61,4988.87,52.7
AP,t news,AP,Telugu News,telugu,godrej expert rich creme hair colour,84264.65,7.8077,120350,415,8300,1.76,2.29,481.21,5.08
AP,vanitha tv,AP,Telugu GEC,telugu,godrej expert rich creme hair colour,218150.22,11.276,80910,261,5220,1.67,4.155,665.7,7.03
AP,zee cinemalu,AP,Telugu Movies,telugu,godrej expert rich creme hair colour,5513361.47,127.0567,141550,95,1900,2.93,23.465,7461.35,78.82
AP,zee cinemalu hd,AP,Telugu Movies HD,telugu,godrej expert rich creme hair colour,747580.73,40.8423,127370,271,5420,4.36,5.4,2564.32,27.09
AP,zee telugu,AP,Telugu GEC,telugu,godrej expert rich creme hair colour,21227502.83,254.7741,892248,94,1880,6.51,36.325,24735.21,261.31
AP,zee telugu hd,AP,Telugu GEC HD,telugu,godrej expert rich creme hair colour,2089823.39,24.9926,135222,93,1860,6.3,5.17,2735.19,28.89
HSM,&pictures,HSM,Hindi Movies,hindi,garnier black naturals,11290168.24,164.750165,2869775,670,15025,1.702,7.23,15209.19,77.59
HSM,&pictures,HSM,Hindi Movies,hindi,godrej expert rich creme hair colour,11290168.24,136.973,1373130,365,7300,1.9,4.119,7816.23,38.35
HSM,&pictures hd,HSM,Hindi Movies HD,hindi,garnier black naturals,866845.66,0.091649919,0,30,600,0.4,1.481,13.39,0.05
HSM,&tv,HSM,Hindi GEC 2,hindi,garnier black naturals,5007783.34,114.9065778,2385687.5,1110,16625,3.712,4.866,17442.86,97.07
HSM,&tv,HSM,Hindi GEC 2,hindi,godrej expert rich creme hair colour,5007783.34,36.9202,2224430,355,7100,1.668,2.619,3952.6,20.11
HSM,&tv hd,HSM,Hindi GEC 2 HD,hindi,garnier black naturals,328547.77,67.41163007,0,505,2900,3.024,1.341,726.08,4.13
HSM,9x jalwa,HSM,Hindi Music,hindi,godrej expert rich creme hair colour,667236.39,6.8972,439920,470,9400,0.86,1.168,486.28,1.69
HSM,9xm,HSM,Hindi Music FTA,hindi,godrej expert rich creme hair colour,3282994.41,209.3342,2317680,1160,23200,2.65,4.798,12481.95,62.18
HSM,all time movies,HSM,Hindi Movies FTA,hindi,godrej expert rich creme hair colour,6007033.61,19.8055,16240,70,1400,1.332,1.421,1163.35,5.42
HSM,anmol cinema,HSM,Hindi GEC FTA,multi,garnier black naturals,11304679.97,42.81468286,880005,320,7225,1.478,4.053,6893.87,38.75
HSM,anmol cinema,HSM,Hindi GEC FTA,multi,godrej expert rich creme hair colour,11304679.97,301.0334,2430360,1570,31400,2.758,10.733,32515.07,179.15
HSM,anmol cinema 2,HSM,Hindi Movies,multi,garnier black naturals,3985618.77,49.00452754,654720,850,19200,1.736,4.102,7279.99,36.93
HSM,anmol tv,HSM,Hindi GEC FTA,multi,garnier black naturals,7028400.29,16.08889686,384105,100,2175,2.228,2.016,2296.33,13.84
HSM,anmol tv,HSM,Hindi GEC FTA,multi,godrej expert rich creme hair colour,7028400.29,291.1017,10533600,1320,26400,8.6,4.014,29685.26,176.73
HSM,b4u kadak,HSM,Hindi Movies FTA,hindi,garnier black naturals,6026096.39,178.8036544,1733062.5,1080,24375,2.094,6.538,16052.72,84.88
HSM,b4u kadak,HSM,Hindi Movies FTA,hindi,godrej expert rich creme hair colour,6026096.39,216.3573,382030,755,15100,2.204,5.445,12095.13,67.58
HSM,b4u movies,HSM,Hindi Movies FTA,hindi,garnier black naturals,6710565.98,249.3401686,1778560,995,22400,2.302,7.314,19682.43,102.35
HSM,b4u movies,HSM,Hindi Movies FTA,hindi,godrej expert rich creme hair colour,6710565.98,50.9072,102270,105,2100,1.6,1.996,2836.07,13.95
HSM,b4u music,HSM,Hindi Music FTA,hindi,godrej expert rich creme hair colour,7296912.01,12.8252,78780,65,1300,1.368,1.548,726.39,3.55
HSM,big magic,HSM,Hindi GEC FTA,hindi,garnier black naturals,2135295.72,76.71762795,797720,1350,30800,5.532,2.357,9813.52,57.42
HSM,big magic,HSM,Hindi GEC FTA,hindi,godrej expert rich creme hair colour,2135295.72,66.3485,1852500,975,19500,2.504,2.811,5308.99,29.41
HSM,colors,HSM,Hindi GEC 1,hindi,garnier black naturals,46139497.66,767.7177831,28093750,1015,19375,7.04,15.964,111218.15,614.91
HSM,colors,HSM,Hindi GEC 1,hindi,godrej expert rich creme hair colour,46139497.66,245.1882,10966800,190,3800,2.996,8.096,24731.57,133.59
HSM,colors cineplex bollywood,HSM,Hindi Movies FTA,hindi,godrej expert rich creme hair colour,10855341.22,206.187,609000,525,10500,1.998,5.52,11990.07,61.11
HSM,colors cineplex superhits,HSM,Hindi Movies FTA,hindi,godrej expert rich creme hair colour,9996055.11,169.2425,3655180,895,17900,2.22,7.087,18466.61,91.9
HSM,colors hd,HSM,Hindi GEC HD,hindi,garnier black naturals,5134286.88,32.91289545,647915,265,2525,4.62,1.773,4260.44,26.28
HSM,colors rishtey,HSM,Hindi GEC FTA,hindi,garnier black naturals,10317868.73,388.2829392,7630630,2080,40675,7.288,7.826,54552.14,308.04
HSM,colors rishtey,HSM,Hindi GEC FTA,hindi,godrej expert rich creme hair colour,10317868.73,216.8968,9643200,980,19600,4.578,4.904,20679.46,114.01
HSM,dangal,HSM,Hindi GEC FTA,hindi,garnier black naturals,16416433.06,294.3112541,8525492.5,1030,18725,7.306,7.065,45772.03,256.56
HSM,dangal,HSM,Hindi GEC FTA,hindi,godrej expert rich creme hair colour,16416433.06,569.1034,21009900,1475,29500,8.662,7.676,62225.67,338.6
HSM,dangal 2,HSM,Hindi GEC FTA,hindi,godrej expert rich creme hair colour,5472235.18,130.4789,2548630,805,16100,3.758,3.969,11546.84,67.17
HSM,goldmines,HSM,Hindi Movies FTA,hindi,garnier black naturals,20235313.78,549.2347649,7416890,1310,24175,3.206,12.205,51273.71,242.48
HSM,goldmines,HSM,Hindi Movies FTA,hindi,godrej expert rich creme hair colour,20235313.78,349.9441,2519400,650,13000,2.214,7.796,22315.47,108.06
HSM,goldmines bollywood,HSM,Hindi Movies FTA,hindi,garnier black naturals,7985551.37,512.8014079,2427640,2280,44300,3.952,10.26,44471.07,233.92
HSM,goldmines movies,HSM,Hindi Movies,hindi,garnier black naturals,6184109.13,446.664888,2247360,2930,58525,4.526,9.281,43384.03,229.62
HSM,good news today,HSM,Hindi News FTA,hindi,godrej expert rich creme hair colour,1976583.79,49.3753,210990,195,3900,1.848,1.659,1722.26,10.09
HSM,ishara tv,HSM,Hindi GEC FTA,multi,garnier black naturals,695033.13,10.97261305,446250,930,21250,5.382,1.113,1404.65,7.53
HSM,manoranjan grand,HSM,Hindi Movies FTA,hindi,godrej expert rich creme hair colour,2197290.5,6.2058,38280,110,2200,1.28,0.857,573.65,2.57
HSM,manoranjan tv,HSM,Hindi GEC FTA,hindi,garnier black naturals,4076273.54,29.39767615,516137.5,295,6575,1.73,1.75,2683.84,11.95
HSM,manoranjan tv,HSM,Hindi GEC FTA,hindi,godrej expert rich creme hair colour,4076273.54,66.646,192280,460,9200,2.14,2.296,3953.26,17.52
HSM,mastiii,HSM,Hindi Music,hindi,godrej expert rich creme hair colour,4147984.39,110.8623,1000160,560,11200,2.81,3.301,6435.43,31.94
HSM,news 24,HSM,Hindi News FTA,hindi,godrej expert rich creme hair colour,1117371.33,8.9107,243020,145,2900,1.228,1.382,438.94,1.72
HSM,news nation,HSM,Hindi News FTA,hindi,godrej expert rich creme hair colour,1799349.07,46.1077,1073750,625,12500,1.444,2.171,2260.68,11.63
HSM,republic bharat,HSM,Hindi News FTA,hindi,godrej expert rich creme hair colour,3368101.79,3.8551,62400,30,600,0.922,1.412,189.83,0.96
HSM,shemaroo tv,HSM,Hindi GEC FTA,hindi,godrej expert rich creme hair colour,6881631.26,239.8391,1338480,1170,23400,4.356,5.863,21257.61,134.57
HSM,shemaroo umang,HSM,Hindi GEC FTA,hindi,garnier black naturals,4591289.95,21.830872,695400,340,7600,3.774,1.949,3307.42,22.2
HSM,shemaroo umang,HSM,Hindi GEC FTA,hindi,godrej expert rich creme hair colour,4591289.95,175.518,970220,1390,27800,5.29,4.394,17119.15,111.4
HSM,showbox,HSM,Hindi Music FTA,hindi,godrej expert rich creme hair colour,4311761.53,24.0388,138720,120,2400,1.298,1.657,1229.65,6.89
HSM,sony entertainment television,HSM,Hindi GEC 1,hindi,garnier black naturals,25567381.49,100.1830905,3104062.5,240,5375,2.176,5.728,15622.06,74.95
HSM,sony entertainment television,HSM,Hindi GEC 1,hindi,godrej expert rich creme hair colour,25567381.49,142.8037,4926600,230,4600,2.242,5.707,14205.55,70.93
HSM,sony max,HSM,Hindi Movies,hindi,garnier black naturals,15777056.68,205.1563444,5195482.5,550,12675,1.972,7.472,18775.45,91.36
HSM,sony max,HSM,Hindi Movies,hindi,godrej expert rich creme hair colour,15777056.68,22.117,537120,60,1200,1.312,1.707,1435.47,6.83
HSM,sony max 2,HSM,Hindi Movies,hindi,garnier black naturals,8119518.1,94.92682591,1265725,425,9850,1.73,4.361,8237.22,43.55
HSM,sony max 2,HSM,Hindi Movies,hindi,godrej expert rich creme hair colour,8119518.1,72.1631,691870,215,4300,1.644,2.886,4338.54,21.16
HSM,sony pal,HSM,Hindi GEC FTA,hindi,garnier black naturals,18408527.78,119.9005905,3244487.5,400,9025,2.444,7.004,16931.26,95.77
HSM,sony pal,HSM,Hindi GEC FTA,hindi,godrej expert rich creme hair colour,18408527.78,434.9722,12636000,900,18000,4.384,10.341,43438.97,254.4
HSM,sony sab,HSM,Hindi GEC 2,hindi,garnier black naturals,53137516.27,340.9481628,11006550,405,9300,3.95,13.28,54676.36,300.07
HSM,sony sab,HSM,Hindi GEC 2,hindi,godrej expert rich creme hair colour,53137516.27,210.6601,4152320,160,3200,2.72,8.475,23369.22,130.88
HSM,sony sab hd,HSM,Hindi GEC 2 HD,hindi,garnier black naturals,1233581.97,4.853365127,0,185,4450,1.948,1.608,817.06,4.78
HSM,sony wah,HSM,Hindi Movies FTA,hindi,garnier black naturals,9614947.38,190.6297454,1817065,655,14725,2.4,5.979,16569.64,85.96
HSM,sony wah,HSM,Hindi Movies FTA,hindi,godrej expert rich creme hair colour,9614947.38,364.8168,4323970,1115,22300,2.746,7.129,20425.14,107.83
HSM,star bharat,HSM,Hindi GEC 2,hindi,garnier black naturals,7969570.83,214.7834029,3455250,1550,25500,4.144,7.734,33109.65,177.77
HSM,star bharat,HSM,Hindi GEC 2,hindi,godrej expert rich creme hair colour,7969570.83,69.9973,3849360,430,8600,2.018,3.506,6739.11,36.5
HSM,star bharat hd,HSM,Hindi GEC 2 HD,hindi,garnier black naturals,358230.6,9.183092054,0,1465,22650,4.108,0.866,1637.73,10.32
HSM,star gold,HSM,Hindi Movies,hindi,garnier black naturals,17891397.54,309.2210144,11037100,815,18500,2.134,10.919,29050.99,150.35
HSM,star gold,HSM,Hindi Movies,hindi,godrej expert rich creme hair colour,17891397.54,328.8165,5306400,440,8800,1.972,8.718,19627.76,101.68
HSM,star gold 2,HSM,Hindi Movies,hindi,garnier black naturals,11636598.1,184.572325,3586995,835,17775,1.828,8.051,18069.53,93.72
HSM,star gold 2,HSM,Hindi Movies,hindi,godrej expert rich creme hair colour,11636598.1,217.0543,2049760,460,9200,1.902,6.13,13471.81,70.53
HSM,star gold romance,HSM,Hindi Movies,hindi,garnier black naturals,7888712.92,368.830431,6106637.5,2250,47375,3.558,9.047,34895.17,180.13
HSM,star gold romance,HSM,Hindi Movies,hindi,godrej expert rich creme hair colour,7888712.92,4.0807,196200,100,2000,1.4,0.964,270.41,1.64
HSM,star plus,HSM,Hindi GEC 1,hindi,garnier black naturals,60102675.06,941.2767056,30228570,1055,19350,9.13,16.272,137478.91,790.17
HSM,star plus,HSM,Hindi GEC 1,hindi,godrej expert rich creme hair colour,60102675.06,689.987,16648320,460,9200,5.606,13.684,70060.63,405.14
HSM,star plus hd,HSM,Hindi GEC 1  HD,hindi,garnier black naturals,4935743.11,40.2257961,172875,250,1250,6.09,1.943,5224.76,30.08
HSM,star plus hd,HSM,Hindi GEC 1  HD,hindi,godrej expert rich creme hair colour,4935743.11,20.07,590100,175,3500,2.374,2.037,1834.22,9.93
HSM,star utsav,HSM,Hindi GEC FTA,hindi,garnier black naturals,28250213.21,554.3305564,10215555,1210,20650,9.154,9.711,83257.86,469.26
HSM,star utsav,HSM,Hindi GEC FTA,hindi,godrej expert rich creme hair colour,28250213.21,673.8965,7962400,925,18500,8.972,8.492,71206.76,403.59
HSM,star utsav movies,HSM,Hindi Movies FTA,hindi,godrej expert rich creme hair colour,10761285.69,446.3299,2877420,1190,23800,2.476,9.491,26366.33,138.04
HSM,sun neo,HSM,Hindi GEC FTA,tamil,godrej expert rich creme hair colour,5306371.79,170.0687,946400,1300,26000,6.636,3.747,18842.01,119.54
HSM,sun neo hd,HSM,Hindi GEC 2 HD,tamil,godrej expert rich creme hair colour,162439,140.217,145600,1300,26000,6.276,1.03,562.29,3.62
HSM,the q,HSM,Hindi GEC FTA,hindi,godrej expert rich creme hair colour,1956876.85,13.7932,42630,245,4900,1.458,2.008,1431.11,8.36
HSM,zee action,HSM,Hindi Movies FTA,hindi,garnier black naturals,9869271.47,95.34514046,1168650,410,9275,1.642,4.874,9395.67,46.62
HSM,zee action,HSM,Hindi Movies FTA,hindi,godrej expert rich creme hair colour,9869271.47,405.0346,1135180,1345,26900,2.446,9.4,26392.33,131.57
HSM,zee bharat,HSM,Hindi News,hindi,godrej expert rich creme hair colour,526315.29,0.6529,9280,20,400,0.84,1.445,42.58,0.31
HSM,zee bollywood,HSM,Hindi Movies,hindi,garnier black naturals,9957989.14,65.58528715,1018640,265,5950,1.724,3.751,5897.6,29.91
HSM,zee bollywood,HSM,Hindi Movies,hindi,godrej expert rich creme hair colour,9957989.14,150.8169,1788010,445,8900,1.814,3.9,8487.44,41.17
HSM,zee cinema,HSM,Hindi Movies,hindi,garnier black naturals,19285037.79,359.0941998,10642245,1040,23550,2.268,11.499,33926.06,164.59
HSM,zee cinema,HSM,Hindi Movies,hindi,godrej expert rich creme hair colour,19285037.79,267.4784,4288060,545,10900,2.174,6.505,16091.12,79.6
HSM,zee cinema hd,HSM,Hindi Movies HD,hindi,godrej expert rich creme hair colour,1639994.4,4.892,712620,185,3700,1.456,1.029,214.92,1.41
HSM,zee classic,HSM,Hindi Movies,hindi,garnier black naturals,5053133.91,159.8020021,1145812.5,965,21825,2.28,5.39,13239.1,66.97
HSM,zee classic,HSM,Hindi Movies,hindi,godrej expert rich creme hair colour,5053133.91,76.019,556260,365,7300,1.874,3.012,4326.38,22.1
HSM,zee tv,HSM,Hindi GEC 1,hindi,garnier black naturals,32916116.67,583.2892783,13743840,910,15675,9.128,9.277,86264.82,427.51
HSM,zee tv,HSM,Hindi GEC 1,hindi,godrej expert rich creme hair colour,32916116.67,320.658,8774890,355,7100,4.094,7.847,32999.52,165.94
HSM,zee tv hd,HSM,Hindi GEC HD,hindi,garnier black naturals,3002339.5,21.18621683,268065,300,1850,5.064,1.177,2647,17.25
HSM,zing,HSM,Hindi Music FTA,hindi,garnier black naturals,1384950.99,0.799761549,17840,20,400,1.018,1.252,115.64,0.72
HSM,zoom,HSM,Hindi Music,hindi,godrej expert rich creme hair colour,2537457.59,23.65,316590,305,6100,1.61,2.04,2180.64,11.05
KAR,colors kannada,KAR,Kannada GEC,kannada,garnier black naturals,6980976.81,118.2684611,794941,181,4085,6.03,28.31,15462.51,191.5
KAR,colors kannada,KAR,Kannada GEC,kannada,godrej expert rich creme hair colour,6980976.81,13.6481,142884,21,420,1.68,6.925,1210.75,14.99
KAR,colors kannada cinema,KAR,Kannada Movies,kannada,godrej expert rich creme hair colour,1748535.81,23.6775,73920,80,1600,1.87,7.36,1325.24,16.41
KAR,colors kannada hd,KAR,Kannada GEC HD,kannada,garnier black naturals,1274376.29,18.63092225,0,179,4045,7.75,4.235,2681.28,33.2
KAR,colors kannada hd,KAR,Kannada GEC HD,kannada,godrej expert rich creme hair colour,1274376.29,2.9809,19140,30,600,1.64,2.185,265.51,3.29
KAR,colors super,KAR,Kannada GEC,kannada,godrej expert rich creme hair colour,721548.09,9.1177,82688,76,1520,1.99,4.96,717.31,8.88
KAR,public music,KAR,Kannada Music,kannada,garnier black naturals,1037337.45,127.4643336,216405,458,10305,5.95,18.72,9797.54,121.34
KAR,sirikannada all time,KAR,Kannada Movies FTA,kannada,garnier black naturals,1550947.42,72.09455159,249679.5,198,4515,10.99,12.09,10786.43,133.59
KAR,star suvarna,KAR,Kannada GEC,kannada,garnier black naturals,9446128.97,66.92752392,299981.5,77,1735,5.18,20.545,9506.85,117.75
KAR,star suvarna,KAR,Kannada GEC,kannada,godrej expert rich creme hair colour,9446128.97,34.0044,122352,24,480,4.56,7.99,3353.54,41.53
KAR,star suvarna plus,KAR,Kannada GEC,kannada,godrej expert rich creme hair colour,2444254.15,80.2654,67782,143,2860,3.07,15.705,4671.25,57.86
KAR,udaya comedy,KAR,Kannada Comedy,kannada,godrej expert rich creme hair colour,931926.33,80.8027,202124,338,6760,2.78,13.41,3850.26,47.68
KAR,udaya movies,KAR,Kannada Movies,kannada,godrej expert rich creme hair colour,3547377.63,90.4042,236042,107,2140,3.04,17.755,5251.68,65.03
KAR,udaya music,KAR,Kannada Music,kannada,garnier black naturals,1596186.9,75.98543135,197456,291,6560,4.18,16.72,6818.39,84.44
KAR,udaya music,KAR,Kannada Music,kannada,godrej expert rich creme hair colour,1596186.9,47.8903,127310,145,2900,2.4,11.14,2496.42,30.93
KAR,udaya tv,KAR,Kannada GEC,kannada,garnier black naturals,3740286.81,19.65881105,194512.5,54,1235,1.99,14.32,2740.09,33.93
KAR,udaya tv,KAR,Kannada GEC,kannada,godrej expert rich creme hair colour,3740286.81,211.5117,1134440,359,7180,7.55,30.525,20041.67,248.2
KAR,udaya tv hd,KAR,Kannada GEC HD,kannada,godrej expert rich creme hair colour,461155.21,2.802,2210,17,340,3.36,2.52,257.47,3.19
KAR,zee kannada,KAR,Kannada GEC,kannada,garnier black naturals,14471360.45,126.2606264,1076763,108,2455,6.39,29.98,17454.02,216.15
KAR,zee kannada,KAR,Kannada GEC,kannada,godrej expert rich creme hair colour,14471360.45,223.327,1214752,136,2720,7.71,31.925,20797.25,257.55
KAR,zee kannada hd,KAR,Kannada GEC HD,kannada,godrej expert rich creme hair colour,2496230.78,40.4449,123216,136,2720,10.59,6.28,4224.49,52.31
KAR,zee picchar,KAR,Kannada Movies,kannada,godrej expert rich creme hair colour,1781455.17,95.6689,191840,220,4400,3.03,18.695,5078.84,62.89
MAH,9x jhakaas,MAH,Marathi Music,marathi,garnier black naturals,221402.45,27.26922624,0,642,14495,5.67,2.795,2161.63,13.15
MAH,9x jhakaas,MAH,Marathi Music,marathi,godrej expert rich creme hair colour,221402.45,42.288,201654,659,13180,4.95,3.72,2016.41,12.27
MAH,colors marathi,MAH,Marathi GEC,marathi,garnier black naturals,2405824.03,94.56701107,520194,316,7185,6.66,8.82,10242.05,62.31
MAH,colors marathi,MAH,Marathi GEC,marathi,godrej expert rich creme hair colour,2405824.03,8.9903,95480,31,620,1.99,3.575,792.01,4.82
MAH,fakt marathi,MAH,Marathi Movies FTA,marathi,godrej expert rich creme hair colour,831154.66,12.6212,80964,78,1560,2.42,3.045,910.31,5.54
MAH,maiboli,MAH,Marathi GEC,marathi,garnier black naturals,190383.64,14.45906862,1088622,613,13815,3.98,2.61,2008.15,12.22
MAH,maiboli,MAH,Marathi GEC,marathi,godrej expert rich creme hair colour,190383.64,12.678,181152,444,8880,2.81,2.775,1203.39,7.32
MAH,pravah picture,MAH,Marathi Movies,marathi,godrej expert rich creme hair colour,1298748.33,69.4571,971776,256,5120,3.02,6.695,3624.96,22.05
MAH,shemaroo marathibana,MAH,Marathi Movies FTA,marathi,godrej expert rich creme hair colour,1449910.64,137.7423,87000,300,6000,5.19,7.76,6627.98,40.32
MAH,sony marathi,MAH,Marathi GEC,marathi,garnier black naturals,2304585.69,119.0159501,640035,575,12930,7.31,11.59,15465.52,94.09
MAH,sony marathi,MAH,Marathi GEC,marathi,godrej expert rich creme hair colour,2304585.69,69.5185,291046.2,286,5718,4.39,8.35,5986.24,36.42
MAH,star pravah,MAH,Marathi GEC,marathi,garnier black naturals,19726775.49,773.6645606,3646566,412,6930,23.9,25.825,101932.8,620.14
MAH,star pravah,MAH,Marathi GEC,marathi,godrej expert rich creme hair colour,19726775.49,614.1134,2596290,185,3700,13.36,23.645,54319.56,330.47
MAH,star pravah hd,MAH,Marathi GEC HD,marathi,godrej expert rich creme hair colour,1201024.84,36.98,104304,246,4920,12.06,2.24,3231.68,19.66
MAH,zee 24 taas,MAH,Marathi News,marathi,godrej expert rich creme hair colour,555099.65,7.2948,28116,33,660,1.33,1.635,367.92,2.24
MAH,zee chitramandir,MAH,Marathi Movies FTA,telugu,godrej expert rich creme hair colour,476151.01,45.0585,509796,441,8820,10.71,1.71,2945.59,17.92
MAH,zee marathi,MAH,Marathi GEC,marathi,garnier black naturals,11553035.84,273.3991351,905925,161,1410,14.4,15.245,38003.33,231.21
MAH,zee marathi,MAH,Marathi GEC,marathi,godrej expert rich creme hair colour,11553035.84,214.2473,1849056,187,3740,7.68,14.44,19692.5,119.81
MAH,zee marathi hd,MAH,Marathi GEC HD,marathi,garnier black naturals,1277984.57,24.60699759,0,164,1455,13.94,2.31,3748.16,22.8
MAH,zee marathi hd,MAH,Marathi GEC HD,marathi,godrej expert rich creme hair colour,1277984.57,2.9693,155856,34,680,3.09,1.565,293.43,1.79
MAH,zee talkies,MAH,Marathi Movies,marathi,garnier black naturals,2741169.57,16.93370378,37814,33,740,1.81,4.37,1327.97,8.08
MAH,zee talkies,MAH,Marathi Movies,marathi,godrej expert rich creme hair colour,2741169.57,158.2307,592288,223,4460,3.7,10.64,7632.63,46.44
MAH,zee talkies hd,MAH,Marathi Movies HD,marathi,garnier black naturals,207949.47,1.683533006,0,59,1330,1.94,0.49,166.46,1.01
MAH,zee talkies hd,MAH,Marathi Movies HD,marathi,godrej expert rich creme hair colour,207949.47,3.0297,44080,38,760,3.78,1.455,238.9,1.45
MAH,zee yuva,MAH,Marathi GEC,marathi,garnier black naturals,1102281.63,3.419263978,62250,67,1500,1.43,3.02,460.37,2.8
MAH,zee yuva,MAH,Marathi GEC,marathi,godrej expert rich creme hair colour,1102281.63,49.9155,395352,323,6460,2.98,8.81,4587.09,27.91
Orissa,prarthana life,Orissa,Odisha Spiritual,multi,godrej expert rich creme hair colour,172750.03,10.9828,113568,273,5460,4.66,8.59,788.92,41.47
Orissa,siddharth gold,Orissa,Odia GEC,hindi,godrej expert rich creme hair colour,216899.61,16.5258,104146,301,6020,4.33,11.38,1060.08,55.71
Orissa,siddharth tv,Orissa,Odia GEC,odia,godrej expert rich creme hair colour,712734.46,8.2682,17690,61,1220,3.15,11.69,787.14,41.37
Orissa,sidharth utsav,Orissa,Odisha Spiritual,multi,godrej expert rich creme hair colour,349625.51,2.7946,6800,20,400,2.08,5.265,176.26,9.27
Orissa,tarang,Orissa,Odia GEC,odia,godrej expert rich creme hair colour,1310225.1,28.8592,235420,158,3160,4.6,22.85,2339.27,122.9
Orissa,tarang music,Orissa,Odia Music,odia,godrej expert rich creme hair colour,132941.09,8.1044,17324,122,2440,2.69,4.995,314.59,16.53
Orissa,zee sarthak,Orissa,Odia GEC,odia,godrej expert rich creme hair colour,1872236.6,19.2028,130680,90,1800,4.89,19.49,1870.94,98.31
Punjab,9x tashan,Punjab,Punjabi Music,punjabi,garnier black naturals,122826.37,8.247944954,0,408,9080,2.21,3.9825,548.6,16.19
Punjab,9x tashan,Punjab,Punjabi Music,punjabi,godrej expert rich creme hair colour,122826.37,27.7779,683100,1150,23000,3.635,4.22,1297.26,38.8
Punjab,chardikla time tv,Punjab,Punjabi GEC FTA,punjabi,godrej expert rich creme hair colour,76404.44,16.1148,181376,416,8320,4.89,2.235,558.74,16.73
Punjab,living india news,Punjab,Punjabi News,hindi,godrej expert rich creme hair colour,71892.66,8.1517,106384,244,4880,3.51,2.58,385.33,11.38
Punjab,manoranjan movies,Punjab,Punjabi Movies,hindi,garnier black naturals,100559.78,6.845654766,420000,454,10000,1.615,3.6025,487.75,14.58
Punjab,mh one,Punjab,Punjabi Movies,hindi,garnier black naturals,422678.47,8.078415677,0,294,6630,3.245,3.8625,937.69,28.87
Punjab,mh one,Punjab,Punjabi Movies,hindi,godrej expert rich creme hair colour,422678.47,27.8607,292320,580,11600,4.505,6.1425,2257.41,67.96
Punjab,mh one news,Punjab,Punjabi News,hindi,godrej expert rich creme hair colour,486153.78,1.2239,6740,10,200,1.055,1.5975,75.23,2.16
Punjab,pitaara tv,Punjab,Punjabi Movies,punjabi,garnier black naturals,1196189.29,35.85479141,996132,430,9690,6.45,13.1975,5015.29,156
Punjab,pitaara tv,Punjab,Punjabi Movies,punjabi,godrej expert rich creme hair colour,1196189.29,18.7283,41760,180,3600,2.735,7.615,1599.32,48.24
Punjab,ptc music,Punjab,Punjabi Music,punjabi,garnier black naturals,132749.64,4.111896285,0,214,4790,2.285,3.295,375.18,12.14
Punjab,ptc music,Punjab,Punjabi Music,punjabi,godrej expert rich creme hair colour,132749.64,7.2228,186840,540,10800,2.585,3.14,443.88,13.8
Punjab,ptc punjabi,Punjab,Punjabi GEC,punjabi,garnier black naturals,693904.04,19.30473772,560070,1180,26670,5.275,7.9275,2509.85,76.64
Punjab,ptc punjabi,Punjab,Punjabi GEC,punjabi,godrej expert rich creme hair colour,693904.04,15.2188,1784820,906,18120,3.41,7.33,1466.09,44.16
Punjab,ptc punjabi gold,Punjab,Punjabi Movies,punjabi,garnier black naturals,164129.92,4.099867893,77578,220,4910,1.575,3.415,292.89,9.12
Punjab,punjabi hits,Punjab,Punjabi Music,punjabi,garnier black naturals,339580,25.7550782,223755,944,21310,4.475,5.625,2338.83,67.63
Punjab,punjabi hits,Punjab,Punjabi Music,punjabi,godrej expert rich creme hair colour,339580,43.6022,404840,1396,27920,4.71,5.7825,2936.97,85.59
Punjab,tabbar hits,Punjab,Punjabi Music,punjabi,garnier black naturals,598289.87,31.30124002,136867,740,16490,9.48,5.7625,2703.19,92.74
Punjab,tabbar hits,Punjab,Punjabi Music,punjabi,godrej expert rich creme hair colour,598289.87,39.4634,34040,370,7400,8.86,4.385,2225.07,73.57
Punjab,zee punjabi,Punjab,Punjabi GEC FTA,punjabi,garnier black naturals,381769.28,8.73015374,293306,348,7780,2.595,5.5475,991.83,30.13
Punjab,zee punjabi,Punjab,Punjabi GEC FTA,punjabi,godrej expert rich creme hair colour,381769.28,18.5594,2345800,634,12680,3.44,7.44,1892.41,56.25
TN,adithya tv,TN,Tamil Comedy,tamil,godrej expert rich creme hair colour,2507205.78,19.5999,50864,44,880,1.71,4.805,1199.57,9.62
TN,chutti tv,TN,Tamil Kids,tamil,godrej expert rich creme hair colour,1109762.57,7.1175,27768,39,780,2.19,1.605,453.91,3.64
TN,colors tamil,TN,Tamil GEC,tamil,godrej expert rich creme hair colour,2008922.54,22.3723,89000,100,2000,1.94,7.625,2518.89,20.2
TN,j movie,TN,Tamil Movies,telugu,godrej expert rich creme hair colour,1493903.56,84.7244,131328,228,4560,2.9,12.825,5314.65,42.62
TN,jaya max,TN,Tamil GEC,tamil,garnier black naturals,1401354.01,60.06295689,164362,310,6820,2.43,14.55,5343.03,42.85
TN,jaya max,TN,Tamil GEC,tamil,godrej expert rich creme hair colour,1401354.01,39.1002,24700,95,1900,2.45,6.15,2353.18,18.87
TN,kalaignar tv,TN,Tamil GEC,tamil,godrej expert rich creme hair colour,3915683.09,33.7941,110558,53,1060,2.02,9.075,3135.74,25.15
TN,news18 tamil nadu,TN,Tamil News,tamil,godrej expert rich creme hair colour,652621.54,3.6678,17748,29,580,1.31,2.105,148.79,1.19
TN,puthiya thalaimurai,TN,Tamil News,tamil,godrej expert rich creme hair colour,731928.09,26.222,114144,123,2460,1.84,4.44,1373.19,11.01
TN,raj musix tamil,TN,Tamil Music,tamil,garnier black naturals,669922.19,54.81959801,105367.5,456,10035,3.73,9.475,5487.6,44.01
TN,raj tv,TN,Tamil GEC,tamil,garnier black naturals,513385.01,23.15634413,1004850,436,9570,2.8,9.37,3356.14,26.91
TN,raj tv,TN,Tamil GEC,tamil,godrej expert rich creme hair colour,513385.01,10.3981,267488,208,4160,2.01,5.015,1129.9,9.06
TN,sirippoli,TN,Tamil GEC,tamil,godrej expert rich creme hair colour,1917072.97,1.5299,2608,4,80,1.08,1.9,79.69,0.64
TN,star vijay,TN,Tamil GEC,tamil,garnier black naturals,24189266.55,460.5595568,3553230,226,4980,13.41,39.94,69979.31,561.17
TN,star vijay,TN,Tamil GEC,tamil,godrej expert rich creme hair colour,24189266.55,39.8272,256620,13,260,2.21,13.005,4140.04,33.2
TN,star vijay hd,TN,Tamil GEC HD,tamil,godrej expert rich creme hair colour,1289079.86,8.934,49266,51,1020,4.55,2.93,992.16,7.96
TN,star vijay super,TN,Tamil Movies,tamil,garnier black naturals,5202253.18,210.4143404,923671,405,8890,4.53,33.005,20600.08,165.19
TN,star vijay super,TN,Tamil Movies,tamil,godrej expert rich creme hair colour,5202253.18,12.6166,4776,12,240,1.57,3.875,741.11,5.94
TN,sun life,TN,Tamil Music,tamil,godrej expert rich creme hair colour,2634315.34,6.5112,6880,20,400,1.39,3.53,579.09,4.64
TN,sun tv,TN,Tamil GEC,tamil,godrej expert rich creme hair colour,27879771.69,40.1161,264816,9,180,1.9,11.67,3640.88,29.2
TN,sun tv hd,TN,Tamil GEC HD,tamil,godrej expert rich creme hair colour,3709839.18,8.4796,10944,18,360,2.31,3.28,809.14,6.49
TN,thanthi tv,TN,Tamil News,tamil,godrej expert rich creme hair colour,350144.17,3.8942,22032,36,720,2.37,1.975,197.63,1.58
TN,vasanth tv,TN,Tamil GEC,tamil,godrej expert rich creme hair colour,406055.12,1.234,4160,20,400,1.37,1.32,76.58,0.61
TN,vendhar tv,TN,Tamil GEC,tamil,godrej expert rich creme hair colour,353229.15,7.2743,31232,256,5120,2.05,2.4,705.35,5.66
TN,zee tamil,TN,Tamil GEC,tamil,garnier black naturals,14733184.47,216.4981953,1519258,210,4615,7.93,27.355,30808.75,247.06
TN,zee tamil,TN,Tamil GEC,tamil,godrej expert rich creme hair colour,14733184.47,21.7984,168828,11,220,1.78,8.355,2159.61,17.32
TN,zee thirai,TN,Tamil Movies,tamil,godrej expert rich creme hair colour,3075667.51,10.0443,17696,28,560,1.51,3.46,620.11,4.97
UP,b4u bhojpuri,UP,Bhojpuri Movies FTA,bhojpuri,godrej expert rich creme hair colour,1505198.19,58.1829,264000,264,5280,4.095,7.425,3115.81,61.45
UP,bhojpuri cinema,UP,Bhojpuri Movies FTA,bhojpuri,godrej expert rich creme hair colour,1385342.41,4.2674,32164,22,440,1.275,1.89,179.86,3.45
UP,manoranjan prime,UP,Bhojpuri GEC,hindi,godrej expert rich creme hair colour,345300.02,1.1583,59072,52,1040,1.23,0.7575,67.6,1.14
UP,oscar movies bhojpuri,UP,Bhojpuri Movies FTA,bhojpuri,godrej expert rich creme hair colour,710169.15,7.2734,26076,82,1640,2.025,2.3,298.38,7.21
UP,pasand,UP,Bhojpuri Movies FTA,hindi,godrej expert rich creme hair colour,744686.46,2.6168,5480,20,400,1.505,2.2325,154.18,3.73
UP,zee biskope,UP,Bhojpuri Movies FTA,bhojpuri,garnier black naturals,1249580.17,0.330315056,11728,8,160,1.09,0.9825,22.62,0.39
UP,zee biskope,UP,Bhojpuri Movies FTA,bhojpuri,godrej expert rich creme hair colour,1249580.17,17.0538,217664,152,3040,1.97,3.6225,791.07,14.29
WB,aakash aath,WB,Bengali GEC,bengali,garnier black naturals,940964.75,31.61135319,475881,289,6510,6,5.825,3085.67,34.23
WB,aakash aath,WB,Bengali GEC,bengali,godrej expert rich creme hair colour,940964.75,3.8325,45012,31,620,1.91,2.225,354.72,3.94
WB,colors bangla,WB,Bengali GEC,bengali,godrej expert rich creme hair colour,725228.29,25.045,476658,273,5460,3.45,7.03,2432.37,26.98
WB,colors bangla cinema,WB,Bengali Movies,bengali,garnier black naturals,1739563.26,62.98471944,319538.5,220,4985,3.5,16.12,5655.85,62.75
WB,colors bangla cinema,WB,Bengali Movies,bengali,godrej expert rich creme hair colour,1739563.26,44.1918,210084,183,3660,2.47,10.025,2493.36,27.66
WB,jalsha movies,WB,Bengali Movies,bengali,garnier black naturals,1629913.04,59.25338867,326318,217,4885,3.34,15.24,5588.02,61.99
WB,jalsha movies,WB,Bengali Movies,bengali,godrej expert rich creme hair colour,1629913.04,44.666,284596,169,3380,2.41,9.385,2582.96,28.66
WB,khushboo bangla,WB,Bengali Movies FTA,bengali,garnier black naturals,454810.34,19.10044291,256425,430,9750,3.93,7.41,2585.32,28.68
WB,r plus gold,WB,Bengali GEC,bengali,garnier black naturals,207684.08,11.3919452,62790,267,5980,4.18,2.195,929.56,10.31
WB,rongeen tv,WB,Kids,assamese,godrej expert rich creme hair colour,305033.4,27.813,107262,531,10620,5.09,5.63,2661.09,29.52
WB,sony aath,WB,Bengali GEC,bengali,garnier black naturals,1579929.43,26.70676659,215838,168,3780,4.43,9.415,4072.39,45.18
WB,sony aath,WB,Bengali GEC,bengali,godrej expert rich creme hair colour,1579929.43,60.9057,126284,241,4820,5.95,10.195,6076.08,67.41
WB,star jalsha,WB,Bengali GEC,bengali,garnier black naturals,11929794.95,199.6011588,3697380,219,4920,10.74,28.415,28597.52,317.26
WB,star jalsha,WB,Bengali GEC,bengali,godrej expert rich creme hair colour,11929794.95,160.133,1142588,82,1640,6.76,23.165,15720.96,174.41
WB,sun bangla,WB,Bengali GEC,bengali,godrej expert rich creme hair colour,1370929.01,8.827,146160,70,1400,2.27,4.21,889.21,9.86
WB,sun bangla hd,WB,Bengali GEC HD,bengali,godrej expert rich creme hair colour,137996.56,1.4835,14560,70,1400,7.4,0.65,187.19,2.08
WB,zee bangla,WB,Bengali GEC,bengali,garnier black naturals,10641407.18,101.743861,2020551,113,2515,5.8,24.14,14144.57,156.92
WB,zee bangla,WB,Bengali GEC,bengali,godrej expert rich creme hair colour,10641407.18,115.2933,1730416,74,1480,4.72,22.135,10269.09,113.92
WB,zee bangla cinema,WB,Bengali Movies,bengali,garnier black naturals,1627199.64,62.05873553,452760,246,5390,3.88,13.39,5082.76,56.39
WB,zee bangla cinema,WB,Bengali Movies,bengali,godrej expert rich creme hair colour,1627199.64,35.5853,73776,87,1740,2.27,9.015,2015.35,22.36
WB,zee bangla hd,WB,Bengali GEC HD,bengali,garnier black naturals,683683.17,9.014051188,0,120,2675,10.42,1.97,1212.48,13.45